network_type,canonical_name,dominant_plotline,plotline_count,episode_count,betweenness_full,weighted_degree_full,betweenness_removed,weighted_degree_removed,betweenness_change,community_full,community_removed,community_shifted,cross_scale_community_shift,betweenness_norm,plotline_norm,bridge_score
coarse,Ned Pointsman,counterforce_science_london,8,20,0.2407945736434108,8.738436241788202,0.17876476377952755,8.808268342477987,-0.06202980986388326,2,2,False,False,1.0,0.8888888888888888,0.7166666666666667
coarse,Weissmann / Blicero,rocket_system_backstory,8,22,0.125968992248062,8.7914189981695,0.16615403543307086,9.11583621011697,0.04018504318500887,3,1,True,False,0.5231388329979879,0.8888888888888888,0.6520791415157613
coarse,Laszlo Jamf,rocket_system_backstory,9,22,0.0316133720930232,6.419904075020352,0.171875,7.477893149164217,0.1402616279069768,4,1,True,True,0.1312877263581487,1.0,0.6090794768611669
coarse,Katje Borgesius,slothrop_london_transition,8,19,0.0432412790697674,6.485541870354791,0.23759432414698162,7.925855746575907,0.1943530450772142,1,4,True,True,0.17957746478873227,0.8888888888888888,0.5974765258215962
coarse,Enzian,schwarzkommando_zone_line,6,23,0.1245155038759689,7.760124836580356,0.2508612204724409,8.764653735827544,0.12634571659647204,3,1,True,False,0.5171026156941647,0.6666666666666666,0.5826961770623741
coarse,Tchitcherine,tchitcherine_zone_line,4,18,0.0499031007751938,6.582165758160771,0.13570374015748032,7.9352337842969245,0.08580063938228652,3,1,True,True,0.20724346076458755,0.4444444444444444,0.47659289067739774
coarse,Gerhardt von Göll,slothrop_zone_quest,8,20,0.0317143087855297,7.443134497704886,0.12087844488188976,8.65387596358231,0.08916413609636006,1,3,True,False,0.1317069081153588,0.8888888888888888,0.4759347753185781
coarse,Leni Pökler,rocket_system_backstory,4,5,0.0295542635658914,1.724391404850419,0.015871062992125984,1.8532679075842449,-0.013683200573765417,4,5,True,True,0.12273641851106612,0.4444444444444444,0.43856472166331306
coarse,Franz Pökler,rocket_system_backstory,5,9,0.0035125968992248,2.450734838862447,0.03801673228346457,3.287415296579333,0.03450413538423977,4,3,True,True,0.014587525150905408,0.5555555555555556,0.4232310529845741
coarse,Krupp,late_zone_afterlives,5,7,0.0,1.7459457879867717,0.0,1.8360629451294375,0.0,3,1,True,True,0.0,0.5555555555555556,0.41666666666666663
coarse,Roger Mexico,counterforce_science_london,5,18,0.1281694121447028,8.336667489772985,0.19865485564304464,8.2743514097047,0.07048544349834185,2,2,False,False,0.5322769953051641,0.5555555555555556,0.4061913145539905
coarse,Pirate Prentice,late_zone_afterlives,7,18,0.0081153100775193,5.681478472816877,0.1031003937007874,6.123265858224126,0.0949850836232681,2,4,True,False,0.03370221327967775,0.7777777777777778,0.3984993293091883
coarse,Marvy,slothrop_zone_quest,4,12,0.0012112403100775,4.585493803316027,0.07800196850393701,5.378069284854682,0.07679072819385951,3,1,True,True,0.005030181086519036,0.4444444444444444,0.3855969148222669
coarse,Geli Tripping,slothrop_zone_quest,4,8,0.0,2.562674379229448,0.015625,3.277194776505903,0.015625,3,1,True,True,0.0,0.4444444444444444,0.3833333333333333
coarse,Osbie Feel,rocket_system_backstory,4,5,0.0,2.176156145089163,0.0011072834645669291,2.3433785404091867,0.0011072834645669291,1,4,True,True,0.0,0.4444444444444444,0.3833333333333333
coarse,Lyle Bland,late_zone_afterlives,3,7,0.0155038759689922,1.8003685735068715,0.017716535433070866,2.155926687970975,0.0022126594640786666,4,1,True,True,0.06438631790744448,0.3333333333333333,0.37897384305835
coarse,Darlene,slothrop_london_transition,3,4,4.037467700258397e-05,1.3856147873423363,0.029773622047244094,1.2693776280208968,0.02973324737024151,1,2,True,True,0.00016767270288397046,0.3333333333333333,0.3500754527162978
coarse,Ludwig,slothrop_zone_quest,3,6,0.0,1.9484788766038763,0.0052903543307086616,2.1693108100759986,0.0052903543307086616,3,1,True,True,0.0,0.3333333333333333,0.35
coarse,Roland,counterforce_science_london,3,4,0.0,1.1700970346131636,0.0007381889763779527,1.6537312617256517,0.0007381889763779527,2,4,True,True,0.0,0.3333333333333333,0.35
coarse,Kurt Mondaugen,rocket_system_backstory,3,5,0.0,1.0233975735013012,0.0,1.1630699183494215,0.0,4,5,True,True,0.0,0.3333333333333333,0.35
coarse,Vaslav,tchitcherine_zone_line,3,3,0.0,1.0041666666666669,0.0,1.282903981264637,0.0,3,1,True,True,0.0,0.3333333333333333,0.35
coarse,Peter Sachsa,slothrop_london_transition,6,8,0.0146963824289405,2.4895551036021475,0.02378608923884514,2.9278039546401726,0.009089706809904641,2,2,False,True,0.06103286384976499,0.6666666666666666,0.32746478873239426
coarse,Ilse Pökler,rocket_system_backstory,2,3,0.0002422480620155,1.1496232257101822,0.004798228346456693,1.452208419599724,0.004555980284441193,4,5,True,True,0.001006036217303807,0.2222222222222222,0.3171193829644534
coarse,Quoad,slothrop_london_transition,2,2,4.037467700258397e-05,1.0270713699753895,0.00012303149606299212,0.9019863236730707,8.265681906040816e-05,1,2,True,True,0.00016767270288397046,0.2222222222222222,0.3167421193829645
coarse,Greta Erdmann,anubis_bad_karma_detour,5,12,0.0,3.209841368228453,0.00012303149606299212,4.245937588703779,0.00012303149606299212,1,3,True,False,0.0,0.5555555555555556,0.31666666666666665
coarse,Andreas Orukambe,schwarzkommando_zone_line,5,8,0.0,2.6517157442631216,0.0,2.872310258671871,0.0,3,1,True,False,0.0,0.5555555555555556,0.31666666666666665
coarse,Max Schlepzig,slothrop_zone_quest,5,11,0.0,2.4334104253118074,0.002091535433070866,3.6832120801526083,0.002091535433070866,1,3,True,False,0.0,0.5555555555555556,0.31666666666666665
coarse,Chiclitz,slothrop_zone_quest,2,3,0.0,1.603422619047619,0.0,1.5379939209726443,0.0,3,1,True,True,0.0,0.2222222222222222,0.31666666666666665
coarse,Sir Marcus Scammony,tchitcherine_zone_line,2,2,0.0,0.9712885154061623,0.0,0.9515151515151515,0.0,3,1,True,True,0.0,0.2222222222222222,0.31666666666666665
coarse,Frans van der Groov,late_zone_afterlives,2,3,0.0,0.7254324622745675,0.0,0.8671328671328672,0.0,1,4,True,True,0.0,0.2222222222222222,0.31666666666666665
coarse,Andre Omnopon,late_zone_afterlives,2,2,0.0,0.7025919573089384,0.0,0.740447504302926,0.0,2,3,True,True,0.0,0.2222222222222222,0.31666666666666665
coarse,Charles,rocket_system_backstory,2,2,0.0,0.6883116883116883,0.0011072834645669291,0.6954545454545454,0.0011072834645669291,3,1,True,True,0.0,0.2222222222222222,0.31666666666666665
coarse,Generaldirektor Smaragd,rocket_system_backstory,2,2,0.0,0.6554394115369725,0.0,0.6353174603174603,0.0,4,5,True,True,0.0,0.2222222222222222,0.31666666666666665
coarse,Steve Edelman,rocket_endgame,2,2,0.0,0.5707070707070707,0.0,0.6241328952172326,0.0,3,1,True,True,0.0,0.2222222222222222,0.31666666666666665
coarse,Sammy Hilbert-Spaess,slothrop_london_transition,2,2,0.0,0.536946386946387,0.0,0.6379761015683346,0.0,2,4,True,True,0.0,0.2222222222222222,0.31666666666666665
coarse,Alfonso Tracy,late_zone_afterlives,2,2,0.0,0.5043041606886657,0.0,0.5969696969696969,0.0,4,1,True,True,0.0,0.2222222222222222,0.31666666666666665
coarse,Seaman Bodine,late_zone_afterlives,4,9,0.015907622739018,4.006063872598963,0.09092027559055119,5.067196533851619,0.07501265285153319,1,3,True,False,0.06606304493628402,0.4444444444444444,0.3130617035546611
coarse,Horst Achtfaden,rocket_system_backstory,4,5,0.0155038759689922,1.532011077158136,0.007997047244094488,1.693654229368515,-0.007506828724897711,3,1,True,False,0.06438631790744448,0.4444444444444444,0.31230717639168337
coarse,Tantivy Mucker-Maffick,slothrop_london_transition,4,9,0.0002422480620155,3.159704309451296,0.057722276902887136,3.670943273082719,0.05748002884087164,1,4,True,False,0.001006036217303807,0.4444444444444444,0.28378604963112003
coarse,Gottfried,rocket_endgame,4,7,0.0,3.2524910847366915,0.0,3.3140193101779873,0.0,3,1,True,False,0.0,0.4444444444444444,0.2833333333333333
coarse,Margherita Erdmann,anubis_bad_karma_detour,4,10,0.0,3.1896050141584533,0.019315944881889764,4.099390161693584,0.019315944881889764,1,3,True,False,0.0,0.4444444444444444,0.2833333333333333
coarse,Blodgett Waxwing,slothrop_london_transition,4,7,0.0,2.1231498911074915,0.016978346456692914,2.9652585866679333,0.016978346456692914,1,4,True,False,0.0,0.4444444444444444,0.2833333333333333
coarse,Hogan,slothrop_london_transition,4,7,0.0,1.1022630865726668,0.0,1.7240408865138197,0.0,1,4,True,False,0.0,0.4444444444444444,0.2833333333333333
coarse,Dzabajev,tchitcherine_zone_line,1,3,0.0,0.8735930735930736,0.0,0.8773809523809524,0.0,3,1,True,True,0.0,0.1111111111111111,0.2833333333333333
coarse,Richard M. Zhlubb,rocket_endgame,1,1,0.0,0.7474747474747475,0.0,0.7710843373493976,0.0,3,1,True,True,0.0,0.1111111111111111,0.2833333333333333
coarse,Myrtle,late_zone_afterlives,1,1,0.0,0.6125,0.0,0.7551020408163265,0.0,1,3,True,True,0.0,0.1111111111111111,0.2833333333333333
coarse,Maximilian,late_zone_afterlives,1,1,0.0,0.5750000000000001,0.0,0.7551020408163265,0.0,1,3,True,True,0.0,0.1111111111111111,0.2833333333333333
coarse,Schnorp,slothrop_zone_quest,1,1,0.0,0.574468085106383,0.0,0.5925925925925926,0.0,3,1,True,True,0.0,0.1111111111111111,0.2833333333333333
coarse,St. John Bladdery,late_zone_afterlives,1,1,0.0,0.5732484076433121,0.0,0.6129032258064516,0.0,5,3,True,True,0.0,0.1111111111111111,0.2833333333333333
coarse,Glimpf,slothrop_zone_quest,1,2,0.0,0.5156445556946182,0.0,0.6666666666666666,0.0,3,1,True,True,0.0,0.1111111111111111,0.2833333333333333
coarse,Whappo,slothrop_london_transition,1,2,0.0,0.5088050314465409,0.0008612204724409449,0.7349272349272349,0.0008612204724409449,1,4,True,True,0.0,0.1111111111111111,0.2833333333333333
coarse,Spontoon,late_zone_afterlives,1,1,0.0,0.4968152866242038,0.0,0.5483870967741935,0.0,5,3,True,True,0.0,0.1111111111111111,0.2833333333333333
coarse,Albert Krypton,late_zone_afterlives,1,1,0.0,0.4713375796178344,0.0,0.5241935483870968,0.0,5,3,True,True,0.0,0.1111111111111111,0.2833333333333333
coarse,Manuela,late_zone_afterlives,1,1,0.0,0.4713375796178344,0.0,0.5241935483870968,0.0,5,3,True,True,0.0,0.1111111111111111,0.2833333333333333
coarse,Crutchfield,slothrop_london_transition,1,1,0.0,0.4333333333333333,0.0,0.6538461538461539,0.0,1,4,True,True,0.0,0.1111111111111111,0.2833333333333333
coarse,Eddie Pensiero,late_zone_afterlives,1,1,0.0,0.425,0.0,0.425,0.0,4,1,True,True,0.0,0.1111111111111111,0.2833333333333333
coarse,Sheila,rocket_system_backstory,1,1,0.0,0.4242424242424242,0.0,0.42424242424242425,0.0,3,1,True,True,0.0,0.1111111111111111,0.2833333333333333
coarse,Richard Hirsch,rocket_system_backstory,1,1,0.0,0.4126984126984127,0.0,0.4126984126984127,0.0,4,5,True,True,0.0,0.1111111111111111,0.2833333333333333
coarse,Sandra,late_zone_afterlives,1,2,0.0,0.3653662420382166,0.0,0.5039499670836076,0.0,5,3,True,True,0.0,0.1111111111111111,0.2833333333333333
coarse,"Birdbury, Pharmacist",late_zone_afterlives,1,1,0.0,0.3184713375796178,0.0,0.3629032258064516,0.0,5,3,True,True,0.0,0.1111111111111111,0.2833333333333333
coarse,Lord Blatherard Osmo,pirate_opening_london,1,1,0.0,0.2553191489361702,0.0,0.2553191489361702,0.0,1,4,True,True,0.0,0.1111111111111111,0.2833333333333333
coarse,Fritz (Pig-Hero assistant),slothrop_zone_quest,1,1,0.0,0.2162162162162162,0.0,0.5652173913043478,0.0,4,3,True,True,0.0,0.1111111111111111,0.2833333333333333
coarse,Austin Quoad,slothrop_london_transition,1,1,0.0,0.1886792452830188,0.0,0.1891891891891892,0.0,1,2,True,True,0.0,0.1111111111111111,0.2833333333333333
coarse,Chu Piang,tchitcherine_zone_line,1,1,0.0,0.1630434782608695,0.0,0.16304347826086957,0.0,3,1,True,True,0.0,0.1111111111111111,0.2833333333333333
coarse,Walter Thiel,rocket_system_backstory,1,1,0.0,0.0797101449275362,0.0,0.07971014492753623,0.0,4,5,True,True,0.0,0.1111111111111111,0.2833333333333333
coarse,Walter (Sachsa party guest),slothrop_london_transition,1,1,0.0,0.0666666666666666,0.0,0.09708737864077668,0.0,2,4,True,True,0.0,0.1111111111111111,0.2833333333333333
coarse,Teddy Bloat,slothrop_london_transition,3,9,0.0128997093023255,2.871828580139472,0.021551017060367453,3.2166246980442113,0.008651307758041953,1,4,True,False,0.05357142857142824,0.3333333333333333,0.27410714285714266
coarse,Gustav,slothrop_zone_quest,3,5,0.0,2.1071775058337208,0.00036909448818897637,2.601551091056481,0.00036909448818897637,1,3,True,False,0.0,0.3333333333333333,0.25
coarse,Stephen Dodson-Truck,slothrop_london_transition,3,6,0.0,2.0015189175903463,0.00018454724409448819,2.291894262428664,0.00018454724409448819,2,4,True,False,0.0,0.3333333333333333,0.25
coarse,Frau Gnahb,slothrop_zone_quest,3,5,0.0,1.666662764318968,0.0,1.9856530731650501,0.0,1,3,True,False,0.0,0.3333333333333333,0.25
coarse,Pavel,schwarzkommando_zone_line,3,4,0.0,1.5509328555292816,0.0,1.630896322082197,0.0,3,1,True,False,0.0,0.3333333333333333,0.25
coarse,Graciela Imago Portales,rocket_system_backstory,3,3,0.0,1.169570267131243,0.0,1.2547619047619047,0.0,1,3,True,False,0.0,0.3333333333333333,0.25
coarse,Otto,slothrop_zone_quest,2,3,0.0,1.8337914235540704,0.0,2.038797213054639,0.0,1,3,True,False,0.0,0.2222222222222222,0.21666666666666667
coarse,Emil Säure Bummer,slothrop_zone_quest,2,11,0.0,1.8175304559037209,0.0,2.824099671494772,0.0,1,3,True,False,0.0,0.2222222222222222,0.21666666666666667
coarse,Magda,slothrop_zone_quest,2,3,0.0,1.0886820035756206,0.0,1.6376895140370094,0.0,1,3,True,False,0.0,0.2222222222222222,0.21666666666666667
coarse,Beláustegui,rocket_system_backstory,2,2,0.0,0.8904761904761904,0.0,0.8785714285714286,0.0,1,3,True,False,0.0,0.2222222222222222,0.21666666666666667
coarse,Broderick Slothrop,slothrop_zone_quest,2,5,0.0,0.876007326007326,0.0,1.5300608291006417,0.0,1,3,True,False,0.0,0.2222222222222222,0.21666666666666667
coarse,Maria (Christian's sister),schwarzkommando_zone_line,2,3,0.0,0.8575424782428511,0.0,0.8706965433385443,0.0,3,1,True,False,0.0,0.2222222222222222,0.21666666666666667
coarse,Joseph Ombindi,schwarzkommando_zone_line,2,4,0.0,0.7774796327427906,0.0,0.7660761239708608,0.0,3,1,True,False,0.0,0.2222222222222222,0.21666666666666667
coarse,Malcolm / Red (Roseland shoeshine boy),slothrop_london_transition,2,2,0.0,0.6125,0.0024606299212598425,0.9693877551020408,0.0024606299212598425,1,4,True,False,0.0,0.2222222222222222,0.21666666666666667
coarse,Felix,slothrop_zone_quest,2,2,0.0,0.5865707434052758,0.0,0.7333333333333334,0.0,1,3,True,False,0.0,0.2222222222222222,0.21666666666666667
coarse,Bert Fibel,late_zone_afterlives,2,3,0.0,0.5863859180035651,0.0,0.6901669758812615,0.0,3,1,True,False,0.0,0.2222222222222222,0.21666666666666667
coarse,Mario Schweitar,slothrop_london_transition,2,2,0.0,0.5307055749128919,0.0,0.9300546448087431,0.0,1,4,True,False,0.0,0.2222222222222222,0.21666666666666667
coarse,Marjorie,slothrop_london_transition,2,2,0.0,0.3490790255496138,0.0,0.5366079703429101,0.0,1,4,True,False,0.0,0.2222222222222222,0.21666666666666667
coarse,Carroll Eventyr,counterforce_science_london,3,6,0.0044008397932816,2.2637534773772288,0.013205380577427822,2.4724814477769312,0.008804540784146222,2,2,False,True,0.018276324614352565,0.3333333333333333,0.20822434607645865
coarse,Nora Dodson-Truck,slothrop_london_transition,3,3,4.037467700258397e-05,1.3410353535353534,4.101049868766404e-05,1.476627783413032,6.35821685080074e-07,2,2,False,True,0.00016767270288397046,0.3333333333333333,0.20007545271629779
coarse,Thanatz,rocket_endgame,6,12,0.0,3.463554355025578,0.025098425196850394,4.163269843734339,0.025098425196850394,3,3,False,False,0.0,0.6666666666666666,0.19999999999999998
coarse,Hilary Bounce,slothrop_london_transition,1,3,6.056201550387597e-05,1.0088691796008868,0.0007381889763779527,1.2857142857142858,0.0006776269608740768,1,4,True,False,0.00025150905432595576,0.1111111111111111,0.18344651240778
coarse,Sigmund (Bad Karma companion),anubis_bad_karma_detour,1,2,0.0,0.8369453044375645,0.0,0.8105369807497467,0.0,1,3,True,False,0.0,0.1111111111111111,0.18333333333333332
coarse,G. M. B. Haftung,slothrop_zone_quest,1,2,0.0,0.7058513189448442,0.0,0.8944444444444444,0.0,1,3,True,False,0.0,0.1111111111111111,0.18333333333333332
coarse,Tamara,slothrop_london_transition,1,2,0.0,0.6341463414634146,0.0,0.7571428571428571,0.0,1,4,True,False,0.0,0.1111111111111111,0.18333333333333332
coarse,Zhdaev,slothrop_zone_quest,1,2,0.0,0.59568345323741,0.0,0.7833333333333333,0.0,1,3,True,False,0.0,0.1111111111111111,0.18333333333333332
coarse,Villard Dumpster,slothrop_london_transition,1,2,0.0,0.5170731707317073,0.03481791338582677,0.9294871794871795,0.03481791338582677,1,4,True,False,0.0,0.1111111111111111,0.18333333333333332
coarse,Michele,slothrop_london_transition,1,2,0.0,0.4678492239467849,0.0,0.6857142857142857,0.0,1,4,True,False,0.0,0.1111111111111111,0.18333333333333332
coarse,Semyavin,slothrop_london_transition,1,1,0.0,0.4390243902439025,0.0,0.7666666666666667,0.0,1,4,True,False,0.0,0.1111111111111111,0.18333333333333332
coarse,Mickey Rooney,slothrop_zone_quest,1,2,0.0,0.4175824175824176,0.0,0.9927272727272728,0.0,1,3,True,False,0.0,0.1111111111111111,0.18333333333333332
coarse,Hilde,slothrop_zone_quest,1,1,0.0,0.39568345323741,0.0,0.5333333333333333,0.0,1,3,True,False,0.0,0.1111111111111111,0.18333333333333332
coarse,Jenny (2.07 scene),slothrop_london_transition,1,1,0.0,0.2682926829268293,0.0,0.5,0.0,1,4,True,False,0.0,0.1111111111111111,0.18333333333333332
coarse,Ghislaine,slothrop_london_transition,1,2,0.0,0.2432846715328467,0.0,0.4199522102747909,0.0,1,4,True,False,0.0,0.1111111111111111,0.18333333333333332
coarse,Jewel,slothrop_london_transition,1,1,0.0,0.1532846715328467,0.0,0.29032258064516125,0.0,1,4,True,False,0.0,0.1111111111111111,0.18333333333333332
coarse,Webley Silvernail,counterforce_science_london,4,6,6.056201550387597e-05,1.7058950104879052,6.151574803149606e-05,1.8427392147444093,9.53732527620094e-07,2,2,False,False,0.00025150905432595576,0.4444444444444444,0.13344651240778002
coarse,Floyd Perdoo,counterforce_science_london,1,1,0.0,0.5652173913043478,0.0,0.5662650602409639,0.0,2,2,False,True,0.0,0.1111111111111111,0.13333333333333333
coarse,Walter Asch,counterforce_science_london,1,1,0.0,0.5625,0.0,0.5625,0.0,2,2,False,True,0.0,0.1111111111111111,0.13333333333333333
coarse,Mindy Bloth,rocket_endgame,1,1,0.0,0.5252525252525253,0.0,0.5783132530120482,0.0,3,3,False,True,0.0,0.1111111111111111,0.13333333333333333
coarse,Catherine (Slothrop girl),counterforce_science_london,1,1,0.0,0.2065217391304347,0.0,0.21686746987951808,0.0,2,2,False,True,0.0,0.1111111111111111,0.13333333333333333
coarse,Jessica Swanlake,counterforce_science_london,3,11,8.074935400516795e-05,5.249302461231285,8.202099737532808e-05,5.2299472318844815,1.2716433701601344e-06,2,2,False,False,0.000335345405767941,0.3333333333333333,0.10015090543259557
coarse,Clive Mossmoon,counterforce_science_london,3,8,6.056201550387597e-05,2.6921013994928846,6.151574803149606e-05,2.665597420253401,9.53732527620094e-07,2,2,False,False,0.00025150905432595576,0.3333333333333333,0.10011317907444667
coarse,Ernest Pudding,counterforce_science_london,3,10,0.0,3.217416758292523,0.0,3.205919860484476,0.0,2,2,False,False,0.0,0.3333333333333333,0.09999999999999999
coarse,Jerome / Jeremy,late_zone_afterlives,3,7,0.0,2.372926095093504,0.0,2.3630028899154407,0.0,2,2,False,False,0.0,0.3333333333333333,0.09999999999999999
coarse,Procalowski,schwarzkommando_zone_line,3,3,0.0,1.0981489155960769,0.0,1.1305044790193306,0.0,1,1,False,False,0.0,0.3333333333333333,0.09999999999999999
coarse,William Slothrop,slothrop_zone_quest,3,4,0.0,1.0190983679093817,0.00012303149606299212,1.398450075606068,0.00012303149606299212,1,1,False,False,0.0,0.3333333333333333,0.09999999999999999
coarse,Edwin Treacle,counterforce_science_london,2,5,0.0015746124031007,1.9966464451393204,0.0017224409448818897,1.9902103989007491,0.0001478285417811898,2,2,False,False,0.006539235412474538,0.2222222222222222,0.06960932260228021
coarse,Dr. Rollo Groast,counterforce_science_london,2,6,0.000968992248062,1.8701691798576296,0.000984251968503937,1.8602207780592661,1.5259720441937008e-05,2,2,False,False,0.004024144869215228,0.2222222222222222,0.06847753185781352
coarse,Penelope,slothrop_london_transition,2,2,8.074935400516795e-05,0.8731884057971014,8.202099737532808e-05,0.8835341365461847,1.2716433701601344e-06,2,2,False,False,0.000335345405767941,0.2222222222222222,0.06681757209926224
coarse,Géza Rózsavölgyi,late_zone_afterlives,2,5,0.0,1.9541795148525027,0.0,2.015015617869618,0.0,2,2,False,False,0.0,0.2222222222222222,0.06666666666666667
coarse,Thomas Gwenhidwy,counterforce_science_london,2,5,0.0,1.6231984523369096,0.0,1.5996960253676673,0.0,2,2,False,False,0.0,0.2222222222222222,0.06666666666666667
coarse,Milton Gloaming,late_zone_afterlives,2,4,0.0,1.327741702741703,0.0,1.3022832885460958,0.0,2,2,False,False,0.0,0.2222222222222222,0.06666666666666667
coarse,Myron Grunton,counterforce_science_london,2,5,0.0,1.3109409923249429,0.0,1.2771128067742614,0.0,2,2,False,False,0.0,0.2222222222222222,0.06666666666666667
coarse,Dr. Aaron Throwster,counterforce_science_london,2,4,0.0,1.0502712206739562,0.0,1.0247130508449163,0.0,2,2,False,False,0.0,0.2222222222222222,0.06666666666666667
coarse,Dr. Porkyevitch,slothrop_london_transition,2,3,0.0,0.6273538204690169,0.0,0.7769057649027642,0.0,2,2,False,False,0.0,0.2222222222222222,0.06666666666666667
coarse,Mitchell Prettyplace,counterforce_science_london,2,2,0.0,0.4841897233201581,0.0,0.49780941949616647,0.0,2,2,False,False,0.0,0.2222222222222222,0.06666666666666667
coarse,Allen Lamplighter,counterforce_science_london,1,3,0.0001211240310077,1.1730882352941177,0.00012303149606299212,1.1590217391304347,1.9074650552921213e-06,2,2,False,False,0.0005030181086516959,0.1111111111111111,0.033559691482226595
coarse,Dr. Kevin Spectro,counterforce_science_london,1,4,0.0,1.695092879256966,0.0,1.5765851082555888,0.0,2,2,False,False,0.0,0.1111111111111111,0.03333333333333333
coarse,Reverend Paul de la Nuit,counterforce_science_london,1,3,0.0,0.9004787234042553,0.0,0.8895930232558139,0.0,2,2,False,False,0.0,0.1111111111111111,0.03333333333333333
coarse,Drohne,anubis_bad_karma_detour,1,1,0.0,0.6829268292682927,0.0,0.6749999999999999,0.0,3,3,False,False,0.0,0.1111111111111111,0.03333333333333333
coarse,Claire,slothrop_london_transition,1,1,0.0,0.6666666666666666,0.0,0.6666666666666666,0.0,2,2,False,False,0.0,0.1111111111111111,0.03333333333333333
coarse,Mrs. Elizabeth Slothrop,slothrop_london_transition,1,2,0.0,0.6437908496732025,0.0,0.7478632478632479,0.0,2,2,False,False,0.0,0.1111111111111111,0.03333333333333333
coarse,Dromond,counterforce_science_london,1,2,0.0,0.6105882352941177,0.0,0.5965217391304348,0.0,2,2,False,False,0.0,0.1111111111111111,0.03333333333333333
coarse,Dennis Joint,counterforce_science_london,1,1,0.0,0.6086956521739131,0.0,0.6024096385542169,0.0,2,2,False,False,0.0,0.1111111111111111,0.03333333333333333
fine,Ned Pointsman,counterforce_science_london,8,20,0.314922480620155,776.4893333333332,0.2956446850393701,709.9373333333332,-0.019277795580784907,2,1,True,False,1.0,0.8888888888888888,0.8666666666666667
fine,Franz Pökler,rocket_system_backstory,5,9,0.1727228682170542,447.7026666666667,0.08809055118110236,396.874,-0.08463231703595185,3,2,True,True,0.5484615384615383,0.5555555555555556,0.6634743589743589
fine,Laszlo Jamf,rocket_system_backstory,9,22,0.0,251.32266666666663,0.07578740157480315,176.09533333333334,0.07578740157480315,3,1,True,True,0.0,1.0,0.5499999999999999
fine,Weissmann / Blicero,rocket_system_backstory,8,22,0.0889050387596899,608.9093333333333,0.4638287401574803,589.3666666666667,0.3749237013977904,3,2,True,False,0.28230769230769226,0.8888888888888888,0.5437051282051282
fine,Roger Mexico,counterforce_science_london,5,18,0.143531976744186,1019.8133333333332,0.3027805118110236,972.8766666666664,0.15924853506683762,2,1,True,False,0.4557692307692307,0.5555555555555556,0.5217628205128205
fine,Katje Borgesius,slothrop_london_transition,8,19,0.0006056201550387,431.8126666666666,0.3544537401574803,288.6433333333333,0.35384812000244165,2,5,True,True,0.001923076923076734,0.8888888888888888,0.5175320512820512
fine,Gerhardt von Göll,slothrop_zone_quest,8,20,0.0609253875968992,801.7519999999998,0.203248031496063,483.1286666666667,0.1423226438991638,1,3,True,False,0.1934615384615384,0.8888888888888888,0.503724358974359
fine,Enzian,schwarzkommando_zone_line,6,23,0.095687984496124,421.2653333333334,0.3414124015748031,352.50266666666664,0.24572441707867912,3,4,True,False,0.3038461538461538,0.6666666666666666,0.4867307692307692
fine,Leni Pökler,rocket_system_backstory,4,5,0.0621366279069767,214.036,0.06668307086614172,213.15200000000002,0.004546442959165023,3,2,True,True,0.1973076923076922,0.4444444444444444,0.47212179487179484
fine,Pirate Prentice,late_zone_afterlives,7,18,0.0598352713178294,384.74533333333335,0.265255905511811,372.05533333333335,0.2054206341939816,2,5,True,False,0.18999999999999984,0.7777777777777778,0.4688333333333332
fine,Peter Sachsa,slothrop_london_transition,6,8,0.0060562015503875,143.58800000000002,0.02140748031496063,139.036,0.01535127876457313,4,6,True,True,0.019230769230768927,0.6666666666666666,0.45865384615384597
fine,Tchitcherine,tchitcherine_zone_line,4,18,0.0457848837209302,534.2946666666667,0.28789370078740156,358.70599999999996,0.24210881706647136,1,4,True,True,0.1453846153846153,0.4444444444444444,0.4487564102564102
fine,Marvy,slothrop_zone_quest,4,12,0.0456637596899224,347.0486666666667,0.05327263779527559,218.87733333333333,0.007608878105353191,1,4,True,True,0.14499999999999977,0.4444444444444444,0.4485833333333332
fine,Krupp,late_zone_afterlives,5,7,0.0,39.68066666666667,0.0,39.09866666666667,0.0,2,1,True,True,0.0,0.5555555555555556,0.41666666666666663
fine,Geli Tripping,slothrop_zone_quest,4,8,0.0,250.91666666666677,0.014517716535433071,129.586,0.014517716535433071,1,4,True,True,0.0,0.4444444444444444,0.3833333333333333
fine,Osbie Feel,rocket_system_backstory,4,5,0.0,116.622,0.0,116.62199999999999,0.0,2,5,True,True,0.0,0.4444444444444444,0.3833333333333333
fine,Lyle Bland,late_zone_afterlives,3,7,0.0153827519379844,138.50733333333332,0.02952755905511811,98.09866666666666,0.01414480711713371,3,7,True,True,0.048846153846153546,0.3333333333333333,0.37198076923076906
fine,Darlene,slothrop_london_transition,3,4,0.0153827519379844,85.06866666666666,0.04490649606299212,51.31133333333332,0.029523744125007724,5,8,True,True,0.048846153846153546,0.3333333333333333,0.37198076923076906
fine,Teddy Bloat,slothrop_london_transition,3,9,0.0844234496124031,356.33399999999995,0.08870570866141732,203.13333333333338,0.00428225904901422,1,5,True,False,0.2680769230769231,0.3333333333333333,0.3706346153846154
fine,Carroll Eventyr,counterforce_science_london,3,6,0.0046027131782945,150.41200000000003,0.019315944881889764,148.32533333333336,0.014713231703595264,4,6,True,True,0.014615384615384384,0.3333333333333333,0.3565769230769229
fine,Thanatz,rocket_endgame,6,12,0.002906976744186,172.38466666666665,0.03580216535433071,143.27866666666665,0.032895188610144704,3,2,True,False,0.009230769230769084,0.6666666666666666,0.35415384615384604
fine,Kurt Mondaugen,rocket_system_backstory,3,5,0.0,113.69533333333334,0.0,110.31066666666666,0.0,3,2,True,True,0.0,0.3333333333333333,0.35
fine,Nora Dodson-Truck,slothrop_london_transition,3,3,0.0,84.896,0.0,74.97866666666667,0.0,4,6,True,True,0.0,0.3333333333333333,0.35
fine,Ludwig,slothrop_zone_quest,3,6,0.0,60.48533333333333,0.0,32.038,0.0,1,4,True,True,0.0,0.3333333333333333,0.35
fine,Roland,counterforce_science_london,3,4,0.0,48.636,0.01513287401574803,31.018,0.01513287401574803,4,6,True,True,0.0,0.3333333333333333,0.35
fine,Vaslav,tchitcherine_zone_line,3,3,0.0,28.106666666666666,0.0,24.20133333333333,0.0,1,4,True,True,0.0,0.3333333333333333,0.35
fine,Quoad,slothrop_london_transition,2,2,0.0153827519379844,71.83133333333333,0.01513287401574803,45.12333333333332,-0.00024987792223636965,5,8,True,True,0.048846153846153546,0.2222222222222222,0.33864743589743573
fine,Charles,rocket_system_backstory,2,2,0.0153827519379844,10.408666666666669,0.01513287401574803,9.805333333333333,-0.00024987792223636965,9,5,True,True,0.048846153846153546,0.2222222222222222,0.33864743589743573
fine,Seaman Bodine,late_zone_afterlives,4,9,0.0305232558139534,330.7119999999999,0.10346948818897637,181.9346666666667,0.07294623237502297,1,3,True,False,0.09692307692307665,0.4444444444444444,0.3269487179487178
fine,Greta Erdmann,anubis_bad_karma_detour,5,12,0.0,157.08066666666664,0.0004921259842519685,99.42133333333334,0.0004921259842519685,1,2,True,False,0.0,0.5555555555555556,0.31666666666666665
fine,Ilse Pökler,rocket_system_backstory,2,3,0.0,149.93133333333333,0.0,143.89666666666665,0.0,3,2,True,True,0.0,0.2222222222222222,0.31666666666666665
fine,Max Schlepzig,slothrop_zone_quest,5,11,0.0,108.776,0.00036909448818897637,65.652,0.00036909448818897637,1,2,True,False,0.0,0.5555555555555556,0.31666666666666665
fine,Andreas Orukambe,schwarzkommando_zone_line,5,8,0.0,96.256,0.0,79.82066666666668,0.0,3,4,True,False,0.0,0.5555555555555556,0.31666666666666665
fine,Chiclitz,slothrop_zone_quest,2,3,0.0,87.03933333333333,0.0,65.28333333333333,0.0,1,4,True,True,0.0,0.2222222222222222,0.31666666666666665
fine,Sammy Hilbert-Spaess,slothrop_london_transition,2,2,0.0,59.32333333333334,0.0,58.86000000000001,0.0,4,6,True,True,0.0,0.2222222222222222,0.31666666666666665
fine,Alfonso Tracy,late_zone_afterlives,2,2,0.0,40.13600000000001,0.0,37.75800000000001,0.0,3,7,True,True,0.0,0.2222222222222222,0.31666666666666665
fine,Sir Marcus Scammony,tchitcherine_zone_line,2,2,0.0,28.657333333333334,0.0,27.258,0.0,2,1,True,True,0.0,0.2222222222222222,0.31666666666666665
fine,Andre Omnopon,late_zone_afterlives,2,2,0.0,25.666,0.0,24.999333333333336,0.0,1,3,True,True,0.0,0.2222222222222222,0.31666666666666665
fine,Frans van der Groov,late_zone_afterlives,2,3,0.0,14.528666666666666,0.0,12.621333333333332,0.0,2,5,True,True,0.0,0.2222222222222222,0.31666666666666665
fine,Generaldirektor Smaragd,rocket_system_backstory,2,2,0.0,14.092,0.0,13.646666666666667,0.0,3,2,True,True,0.0,0.2222222222222222,0.31666666666666665
fine,Steve Edelman,rocket_endgame,2,2,0.0,7.751999999999999,0.0,7.751999999999999,0.0,8,10,True,True,0.0,0.2222222222222222,0.31666666666666665
fine,Margherita Erdmann,anubis_bad_karma_detour,4,10,0.0153827519379844,190.38466666666676,0.0172244094488189,107.77733333333335,0.001841657510834498,1,2,True,False,0.048846153846153546,0.4444444444444444,0.3053141025641024
fine,Horst Achtfaden,rocket_system_backstory,4,5,0.0153827519379844,45.114,0.01513287401574803,41.87266666666667,-0.00024987792223636965,3,4,True,False,0.048846153846153546,0.4444444444444444,0.3053141025641024
fine,Whappo,slothrop_london_transition,1,2,0.0153827519379844,23.169999999999995,0.0,20.20533333333333,-0.0153827519379844,7,9,True,True,0.048846153846153546,0.1111111111111111,0.3053141025641024
fine,Richard M. Zhlubb,rocket_endgame,1,1,0.0153827519379844,9.481333333333334,0.01513287401574803,9.481333333333334,-0.00024987792223636965,8,10,True,True,0.048846153846153546,0.1111111111111111,0.3053141025641024
fine,Tantivy Mucker-Maffick,slothrop_london_transition,4,9,0.0,417.4846666666669,0.04625984251968504,155.07200000000003,0.04625984251968504,1,5,True,False,0.0,0.4444444444444444,0.2833333333333333
fine,Gottfried,rocket_endgame,4,7,0.0,136.4353333333333,0.0,136.11599999999996,0.0,3,2,True,False,0.0,0.4444444444444444,0.2833333333333333
fine,Schnorp,slothrop_zone_quest,1,1,0.0,112.31133333333332,0.0,39.398666666666664,0.0,1,4,True,True,0.0,0.1111111111111111,0.2833333333333333
fine,Blodgett Waxwing,slothrop_london_transition,4,7,0.0,99.61333333333336,0.016732283464566927,60.12733333333333,0.016732283464566927,1,5,True,False,0.0,0.4444444444444444,0.2833333333333333
fine,Glimpf,slothrop_zone_quest,1,2,0.0,80.0213333333333,0.0,27.476666666666656,0.0,1,4,True,True,0.0,0.1111111111111111,0.2833333333333333
fine,St. John Bladdery,late_zone_afterlives,1,1,0.0,54.594000000000015,0.0,36.783333333333346,0.0,1,3,True,True,0.0,0.1111111111111111,0.2833333333333333
fine,Albert Krypton,late_zone_afterlives,1,1,0.0,41.068,0.01513287401574803,27.929333333333332,0.01513287401574803,1,3,True,True,0.0,0.1111111111111111,0.2833333333333333
fine,Webley Silvernail,counterforce_science_london,4,6,0.0,39.45,0.0,39.42733333333334,0.0,2,5,True,False,0.0,0.4444444444444444,0.2833333333333333
fine,Dzabajev,tchitcherine_zone_line,1,3,0.0,31.328,0.0,26.461333333333332,0.0,1,4,True,True,0.0,0.1111111111111111,0.2833333333333333
fine,Myrtle,late_zone_afterlives,1,1,0.0,30.922666666666668,0.00012303149606299212,15.63466666666667,0.00012303149606299212,6,7,True,True,0.0,0.1111111111111111,0.2833333333333333
fine,Hogan,slothrop_london_transition,4,7,0.0,29.232000000000003,0.0,9.068666666666667,0.0,1,5,True,False,0.0,0.4444444444444444,0.2833333333333333
fine,Walter Thiel,rocket_system_backstory,1,1,0.0,24.886666666666667,0.0,24.886666666666667,0.0,3,2,True,True,0.0,0.1111111111111111,0.2833333333333333
fine,Maximilian,late_zone_afterlives,1,1,0.0,23.779333333333337,0.015009842519685039,15.18666666666667,0.015009842519685039,6,7,True,True,0.0,0.1111111111111111,0.2833333333333333
fine,Crutchfield,slothrop_london_transition,1,1,0.0,23.23866666666666,0.00012303149606299212,21.687999999999995,0.00012303149606299212,7,9,True,True,0.0,0.1111111111111111,0.2833333333333333
fine,Manuela,late_zone_afterlives,1,1,0.0,22.80333333333333,0.0,22.803333333333335,0.0,1,4,True,True,0.0,0.1111111111111111,0.2833333333333333
fine,Richard Hirsch,rocket_system_backstory,1,1,0.0,18.152666666666665,0.0,18.152666666666665,0.0,3,2,True,True,0.0,0.1111111111111111,0.2833333333333333
fine,"Birdbury, Pharmacist",late_zone_afterlives,1,1,0.0,15.194,0.0,10.126666666666667,0.0,1,3,True,True,0.0,0.1111111111111111,0.2833333333333333
fine,Spontoon,late_zone_afterlives,1,1,0.0,14.128666666666668,0.0,10.97,0.0,2,1,True,True,0.0,0.1111111111111111,0.2833333333333333
fine,Fritz (Pig-Hero assistant),slothrop_zone_quest,1,1,0.0,14.12,0.0,2.3946666666666667,0.0,1,6,True,True,0.0,0.1111111111111111,0.2833333333333333
fine,Sandra,late_zone_afterlives,1,2,0.0,12.553333333333333,0.0,12.553333333333331,0.0,1,4,True,True,0.0,0.1111111111111111,0.2833333333333333
fine,Chu Piang,tchitcherine_zone_line,1,1,0.0,11.894666666666666,0.0,11.894666666666666,0.0,1,4,True,True,0.0,0.1111111111111111,0.2833333333333333
fine,Austin Quoad,slothrop_london_transition,1,1,0.0,7.922000000000001,0.0,5.214,0.0,5,8,True,True,0.0,0.1111111111111111,0.2833333333333333
fine,Lord Blatherard Osmo,pirate_opening_london,1,1,0.0,5.397333333333333,0.0,5.397333333333333,0.0,2,5,True,True,0.0,0.1111111111111111,0.2833333333333333
fine,Walter Asch,counterforce_science_london,1,1,0.0,5.227333333333333,0.0,5.227333333333333,0.0,4,6,True,True,0.0,0.1111111111111111,0.2833333333333333
fine,Catherine (Slothrop girl),counterforce_science_london,1,1,0.0,4.972666666666667,0.0,4.773333333333333,0.0,5,8,True,True,0.0,0.1111111111111111,0.2833333333333333
fine,Sheila,rocket_system_backstory,1,1,0.0,4.943333333333333,0.0,4.943333333333333,0.0,9,5,True,True,0.0,0.1111111111111111,0.2833333333333333
fine,Floyd Perdoo,counterforce_science_london,1,1,0.0,3.254,0.0,1.4046666666666665,0.0,5,8,True,True,0.0,0.1111111111111111,0.2833333333333333
fine,Walter (Sachsa party guest),slothrop_london_transition,1,1,0.0,1.6426666666666665,0.0,1.6426666666666665,0.0,4,6,True,True,0.0,0.1111111111111111,0.2833333333333333
fine,Mindy Bloth,rocket_endgame,1,1,0.0,0.0,0.0,0.0,0.0,10,11,True,True,0.0,0.1111111111111111,0.2833333333333333
fine,Gustav,slothrop_zone_quest,3,5,0.0153827519379844,74.058,0.01513287401574803,51.86,-0.00024987792223636965,1,3,True,False,0.048846153846153546,0.3333333333333333,0.2719807692307691
fine,Jessica Swanlake,counterforce_science_london,3,11,0.0151405038759689,415.9793333333332,0.014886811023622047,405.28466666666657,-0.0002536928523468526,2,1,True,False,0.04807692307692279,0.3333333333333333,0.27163461538461525
fine,Frau Gnahb,slothrop_zone_quest,3,5,0.0,194.1573333333333,0.0,132.90066666666664,0.0,1,3,True,False,0.0,0.3333333333333333,0.25
fine,Jerome / Jeremy,late_zone_afterlives,3,7,0.0,178.37199999999996,0.0,176.7013333333333,0.0,2,1,True,False,0.0,0.3333333333333333,0.25
fine,Stephen Dodson-Truck,slothrop_london_transition,3,6,0.0,168.92533333333333,0.029773622047244094,93.97066666666667,0.029773622047244094,2,5,True,False,0.0,0.3333333333333333,0.25
fine,Ernest Pudding,counterforce_science_london,3,10,0.0,147.02066666666667,0.0,141.078,0.0,2,1,True,False,0.0,0.3333333333333333,0.25
fine,Clive Mossmoon,counterforce_science_london,3,8,0.0,103.318,0.0,97.618,0.0,2,1,True,False,0.0,0.3333333333333333,0.25
fine,Procalowski,schwarzkommando_zone_line,3,3,0.0,49.52133333333333,0.0,39.14399999999999,0.0,1,3,True,False,0.0,0.3333333333333333,0.25
fine,Pavel,schwarzkommando_zone_line,3,4,0.0,39.16666666666666,0.0,38.43066666666666,0.0,3,4,True,False,0.0,0.3333333333333333,0.25
fine,William Slothrop,slothrop_zone_quest,3,4,0.0,22.442,0.0,6.559333333333333,0.0,1,5,True,False,0.0,0.3333333333333333,0.25
fine,Graciela Imago Portales,rocket_system_backstory,3,3,0.0,20.386,0.0,19.412000000000003,0.0,1,3,True,False,0.0,0.3333333333333333,0.25
fine,Otto,slothrop_zone_quest,2,3,0.0146560077519379,338.2073333333333,0.015378937007874016,217.9273333333333,0.0007229292559361167,1,3,True,False,0.04653846153846128,0.2222222222222222,0.23760897435897424
fine,Emil Säure Bummer,slothrop_zone_quest,2,11,0.0123546511627906,85.22266666666667,0.00012303149606299212,50.94733333333333,-0.012231619666727608,1,3,True,False,0.039230769230768923,0.2222222222222222,0.2343205128205127
fine,Dr. Kevin Spectro,counterforce_science_london,1,4,0.0299176356589147,102.21733333333331,0.02891240157480315,92.148,-0.0010052340841115483,2,1,True,False,0.09499999999999992,0.1111111111111111,0.2260833333333333
fine,Milton Gloaming,late_zone_afterlives,2,4,0.0,122.972,0.0,111.69733333333332,0.0,2,1,True,False,0.0,0.2222222222222222,0.21666666666666667
fine,Géza Rózsavölgyi,late_zone_afterlives,2,5,0.0,74.46333333333335,0.0,67.44933333333334,0.0,2,1,True,False,0.0,0.2222222222222222,0.21666666666666667
fine,Felix,slothrop_zone_quest,2,2,0.0,72.52666666666666,0.0,49.76733333333333,0.0,1,3,True,False,0.0,0.2222222222222222,0.21666666666666667
fine,Edwin Treacle,counterforce_science_london,2,5,0.0,72.39333333333333,0.0,62.443999999999996,0.0,2,1,True,False,0.0,0.2222222222222222,0.21666666666666667
fine,Thomas Gwenhidwy,counterforce_science_london,2,5,0.0,69.15266666666666,0.0,68.40066666666667,0.0,2,1,True,False,0.0,0.2222222222222222,0.21666666666666667
fine,Magda,slothrop_zone_quest,2,3,0.0,65.72266666666667,0.0,19.49266666666667,0.0,1,3,True,False,0.0,0.2222222222222222,0.21666666666666667
fine,Dr. Rollo Groast,counterforce_science_london,2,6,0.0,61.898,0.0,53.918,0.0,2,1,True,False,0.0,0.2222222222222222,0.21666666666666667
fine,Myron Grunton,counterforce_science_london,2,5,0.0,36.85866666666666,0.0,32.19466666666666,0.0,2,1,True,False,0.0,0.2222222222222222,0.21666666666666667
fine,Dr. Aaron Throwster,counterforce_science_london,2,4,0.0,30.568,0.0,28.345333333333333,0.0,2,1,True,False,0.0,0.2222222222222222,0.21666666666666667
fine,Broderick Slothrop,slothrop_zone_quest,2,5,0.0,27.796000000000003,0.0,5.247999999999999,0.0,1,7,True,False,0.0,0.2222222222222222,0.21666666666666667
fine,Penelope,slothrop_london_transition,2,2,0.0,24.892,0.0,24.892,0.0,2,1,True,False,0.0,0.2222222222222222,0.21666666666666667
fine,Joseph Ombindi,schwarzkommando_zone_line,2,4,0.0,23.07933333333333,0.0,23.07933333333333,0.0,3,4,True,False,0.0,0.2222222222222222,0.21666666666666667
fine,Malcolm / Red (Roseland shoeshine boy),slothrop_london_transition,2,2,0.0,19.51533333333333,0.0,1.4826666666666666,0.0,1,9,True,False,0.0,0.2222222222222222,0.21666666666666667
fine,Maria (Christian's sister),schwarzkommando_zone_line,2,3,0.0,18.986,0.0,18.985999999999997,0.0,3,4,True,False,0.0,0.2222222222222222,0.21666666666666667
fine,Beláustegui,rocket_system_backstory,2,2,0.0,17.618666666666666,0.0,17.618666666666666,0.0,1,3,True,False,0.0,0.2222222222222222,0.21666666666666667
fine,Dr. Porkyevitch,slothrop_london_transition,2,3,0.0,14.754,0.0,12.505333333333333,0.0,2,1,True,False,0.0,0.2222222222222222,0.21666666666666667
fine,Marjorie,slothrop_london_transition,2,2,0.0,13.265333333333333,0.0,7.018666666666667,0.0,1,5,True,False,0.0,0.2222222222222222,0.21666666666666667
fine,Bert Fibel,late_zone_afterlives,2,3,0.0,9.53,0.0,8.805333333333333,0.0,3,4,True,False,0.0,0.2222222222222222,0.21666666666666667
fine,Mitchell Prettyplace,counterforce_science_london,2,2,0.0,9.063333333333333,0.0,7.991333333333333,0.0,2,1,True,False,0.0,0.2222222222222222,0.21666666666666667
fine,Villard Dumpster,slothrop_london_transition,1,2,0.0153827519379844,18.88133333333333,0.0,7.672000000000001,-0.0153827519379844,1,5,True,False,0.048846153846153546,0.1111111111111111,0.20531410256410243
fine,Zhdaev,slothrop_zone_quest,1,2,0.0,107.08666666666664,0.0,72.25999999999999,0.0,1,3,True,False,0.0,0.1111111111111111,0.18333333333333332
fine,G. M. B. Haftung,slothrop_zone_quest,1,2,0.0,87.55533333333332,0.0,62.147999999999996,0.0,1,3,True,False,0.0,0.1111111111111111,0.18333333333333332
fine,Hilary Bounce,slothrop_london_transition,1,3,0.0,77.96399999999998,0.014763779527559055,28.088666666666665,0.014763779527559055,1,5,True,False,0.0,0.1111111111111111,0.18333333333333332
fine,Hilde,slothrop_zone_quest,1,1,0.0,63.10733333333334,0.0,48.646,0.0,1,3,True,False,0.0,0.1111111111111111,0.18333333333333332
fine,Tamara,slothrop_london_transition,1,2,0.0,55.04533333333335,0.0,22.864,0.0,1,5,True,False,0.0,0.1111111111111111,0.18333333333333332
fine,Mickey Rooney,slothrop_zone_quest,1,2,0.0,51.54533333333334,0.0,5.161333333333333,0.0,1,3,True,False,0.0,0.1111111111111111,0.18333333333333332
fine,Dennis Joint,counterforce_science_london,1,1,0.0,44.50266666666667,0.0,42.537333333333336,0.0,2,1,True,False,0.0,0.1111111111111111,0.18333333333333332
fine,Sigmund (Bad Karma companion),anubis_bad_karma_detour,1,2,0.0,38.555333333333344,0.0,33.95933333333334,0.0,1,2,True,False,0.0,0.1111111111111111,0.18333333333333332
fine,Ghislaine,slothrop_london_transition,1,2,0.0,33.43600000000001,0.0,15.488,0.0,1,5,True,False,0.0,0.1111111111111111,0.18333333333333332
fine,Michele,slothrop_london_transition,1,2,0.0,32.82533333333334,0.0,17.102,0.0,1,5,True,False,0.0,0.1111111111111111,0.18333333333333332
fine,Allen Lamplighter,counterforce_science_london,1,3,0.0,31.274,0.0,31.273999999999997,0.0,2,1,True,False,0.0,0.1111111111111111,0.18333333333333332
fine,Claire,slothrop_london_transition,1,1,0.0,25.59733333333333,0.0,25.59733333333333,0.0,2,1,True,False,0.0,0.1111111111111111,0.18333333333333332
fine,Mrs. Elizabeth Slothrop,slothrop_london_transition,1,2,0.0,25.208666666666662,0.0,21.372,0.0,2,1,True,False,0.0,0.1111111111111111,0.18333333333333332
fine,Semyavin,slothrop_london_transition,1,1,0.0,19.80933333333333,0.0,8.821333333333333,0.0,1,5,True,False,0.0,0.1111111111111111,0.18333333333333332
fine,Dromond,counterforce_science_london,1,2,0.0,19.747333333333334,0.0,19.747333333333334,0.0,2,1,True,False,0.0,0.1111111111111111,0.18333333333333332
fine,Jewel,slothrop_london_transition,1,1,0.0,19.12933333333333,0.0,6.476,0.0,1,5,True,False,0.0,0.1111111111111111,0.18333333333333332
fine,Reverend Paul de la Nuit,counterforce_science_london,1,3,0.0,19.12466666666667,0.0,16.835333333333335,0.0,2,1,True,False,0.0,0.1111111111111111,0.18333333333333332
fine,Drohne,anubis_bad_karma_detour,1,1,0.0,11.317333333333334,0.0,8.982000000000001,0.0,3,2,True,False,0.0,0.1111111111111111,0.18333333333333332
fine,Jenny (2.07 scene),slothrop_london_transition,1,1,0.0,11.066666666666666,0.013041338582677165,9.196666666666665,0.013041338582677165,1,5,True,False,0.0,0.1111111111111111,0.18333333333333332
fine,Eddie Pensiero,late_zone_afterlives,1,1,0.0,12.222,0.0,12.222,0.0,3,3,False,True,0.0,0.1111111111111111,0.13333333333333333
fine,Mario Schweitar,slothrop_london_transition,2,2,0.0,39.51866666666666,0.0,11.343999999999998,0.0,1,1,False,False,0.0,0.2222222222222222,0.06666666666666667
